{"\uc218\ud559":{"\ub458\ub9ac":84.0,"\ud638\uc774":21.0,"\uc601\ubbf8":87.0,"\uae38\ub3d9":100.0,"\ub610\uce58":59.0,"\ub9c8\uc774\ud074":46.0,"\ud569":397.0,"\ud3c9\uade0":66.1666666667},"\uad6d\uc5b4":{"\ub458\ub9ac":87.0,"\ud638\uc774":15.0,"\uc601\ubbf8":84.0,"\uae38\ub3d9":87.0,"\ub610\uce58":99.0,"\ub9c8\uc774\ud074":77.0,"\ud569":449.0,"\ud3c9\uade0":74.8333333333},"\uc601\uc5b4":{"\ub458\ub9ac":78.0,"\ud638\uc774":84.0,"\uc601\ubbf8":76.0,"\uae38\ub3d9":99.0,"\ub610\uce58":59.0,"\ub9c8\uc774\ud074":56.0,"\ud569":452.0,"\ud3c9\uade0":75.3333333333},"\ud569":{"\ub458\ub9ac":249.0,"\ud638\uc774":120.0,"\uc601\ubbf8":247.0,"\uae38\ub3d9":286.0,"\ub610\uce58":217.0,"\ub9c8\uc774\ud074":179.0,"\ud569":1298.0,"\ud3c9\uade0":216.3333333333},"\ud3c9\uade0":{"\ub458\ub9ac":83.0,"\ud638\uc774":40.0,"\uc601\ubbf8":82.3333333333,"\uae38\ub3d9":95.3333333333,"\ub610\uce58":72.3333333333,"\ub9c8\uc774\ud074":59.6666666667,"\ud569":432.6666666667,"\ud3c9\uade0":72.1111111111}}